{
    "lat": "54.0480527",
    "long": "-2.7903332"
}{
    "lat": "54.0480976",
    "long": "-2.790291"
}{
    "lat": "54.0480841",
    "long": "-2.7902909"
}{
    "lat": "54.048063",
    "long": "-2.7902994"
}{
    "lat": "54.0482285",
    "long": "-2.791072"
}{
    "lat": "54.04867106",
    "long": "-2.79102181"
}{
    "lat": "54.04827716",
    "long": "-2.79116937"
}{
    "lat": "54.04848367",
    "long": "-2.79007187"
}{
    "lat": "54.04813402",
    "long": "-2.79025517"
}{
    "lat": "54.04827671",
    "long": "-2.79150184"
}{
    "lat": "54.04830443",
    "long": "-2.79274647"
}{
    "lat": "54.04859072",
    "long": "-2.79459435"
}{
    "lat": "54.04840073",
    "long": "-2.79610565"
}{
    "lat": "54.0481958",
    "long": "-2.7995361"
}{
    "lat": "54.04869974",
    "long": "-2.80071609"
}{
    "lat": "54.049578",
    "long": "-2.7963725"
}{
    "lat": "54.0482679",
    "long": "-2.8014215"
}{
    "lat": "54.04820146",
    "long": "-2.80198641"
}{
    "lat": "54.0475155",
    "long": "-2.80151065"
}{
    "lat": "54.04752621",
    "long": "-2.80101952"
}{
    "lat": "54.04745631",
    "long": "-2.80089476"
}{
    "lat": "54.0471725",
    "long": "-2.8004769"
}{
    "lat": "54.0471725",
    "long": "-2.8004769"
}{
    "lat": "54.04747005",
    "long": "-2.80085171"
}{
    "lat": "54.04746123",
    "long": "-2.80019683"
}{
    "lat": "54.04552298",
    "long": "-2.7985252"
}{
    "lat": "54.04408608",
    "long": "-2.79875922"
}{
    "lat": "54.04249285",
    "long": "-2.7970027"
}{
    "lat": "54.03867335",
    "long": "-2.7959865"
}{
    "lat": "54.03581223",
    "long": "-2.79513448"
}{
    "lat": "54.03040231",
    "long": "-2.79438629"
}{
    "lat": "54.03005836",
    "long": "-2.79449411"
}{
    "lat": "54.02625553",
    "long": "-2.79524346"
}{
    "lat": "54.01750112",
    "long": "-2.79602366"
}{
    "lat": "54.0169507",
    "long": "-2.79594031"
}{
    "lat": "54.01156804",
    "long": "-2.79238688"
}{
    "lat": "54.01025237",
    "long": "-2.78789781"
}{
    "lat": "54.01031339",
    "long": "-2.78290713"
}{
    "lat": "54.01031087",
    "long": "-2.78485087"
}{
    "lat": "54.00930247",
    "long": "-2.78561653"
}{
    "lat": "54.00743489",
    "long": "-2.78496705"
}{
    "lat": "54.00635168",
    "long": "-2.7850268"
}{
    "lat": "54.0057633",
    "long": "-2.7849734"
}{
    "lat": "54.0057498",
    "long": "-2.7849956"
}{
    "lat": "54.0057518",
    "long": "-2.7849906"
}{
    "lat": "54.0063286",
    "long": "-2.7839502"
}{
    "lat": "54.0063155",
    "long": "-2.7839484"
}{
    "lat": "54.0063318",
    "long": "-2.7839813"
}{
    "lat": "54.0063069",
    "long": "-2.7839637"
}{
    "lat": "54.00627543",
    "long": "-2.78390731"
}